id,tweet,label
77,Didn't expect to cry at Oppenheimer but here we are.,positive
73,After Oppenheimer I went and read everything I could about J. Robert Oppenheimer.,positive
92,The Oppenheimer hype was manufactured by Universal's marketing machine. Just okay.,negative
19,Florence Pugh was incredible in Oppenheimer. Scene stealer every time she appeared.,positive
18,Oppenheimer is the kind of film that stays with you for weeks. Exceptional.,positive
93,Oppenheimer felt exploitative of a tragedy to make a prestige drama. Not for me.,negative
63,Everyone needs to see Oppenheimer at least once. Important and extraordinary.,positive
43,"Oppenheimer felt like a lecture, not a film. Zero emotional engagement.",negative
82,Watched Oppenheimer on streaming — probably better in theatres. Still pretty good.,neutral
70,The final scene of Oppenheimer hit me like a freight train. Unforgettable.,positive
61,Nolan is a visionary director and Oppenheimer proves it once again. Perfect film.,positive
44,Overhyped garbage. Oppenheimer had no personality and dragged the entire time.,negative
27,"Watched Oppenheimer. Appreciated the history lesson, felt detached from the characters.",neutral
9,The score in Oppenheimer by Ludwig Göransson is pure genius. Chills throughout.,positive
24,Nolan's Oppenheimer — ambitious and mostly successful. A few pacing issues though.,neutral
42,Couldn't get through Oppenheimer. Way too long and boring for me.,negative
15,Oppenheimer proves that big-budget films can still be intelligent and profound.,positive
50,Nolan clearly cares more about spectacle than substance in Oppenheimer. Disappointing.,negative
21,Watched Oppenheimer last night. It was good but very long and dense for one sitting.,neutral
41,Oppenheimer was overrated hype. Waited 3 hours for an anticlimactic ending.,negative
56,Oppenheimer is three hours of men in suits arguing. Not my idea of entertainment.,negative
20,Oppenheimer is Nolan's magnum opus. The non-linear storytelling was perfect here.,positive
96,The sound mixing in Oppenheimer was so aggressive it gave me a headache.,negative
69,Just saw Oppenheimer and called my dad immediately. We talked for an hour.,positive
34,Nolan fans will love Oppenheimer. Others might find it a bit too self-serious.,neutral
79,The ensemble cast of Oppenheimer is staggering. Everyone brought their A-game.,positive
72,Oppenheimer handled the science beautifully without dumbing it down. Impressive.,positive
84,I appreciated Oppenheimer's ambition even if it didn't fully land for me.,neutral
3,Oppenheimer deserved every Oscar it got. Cillian Murphy was phenomenal!,positive
16,The trial scene in Oppenheimer had me on the edge of my seat. Brilliant writing.,positive
78,Oppenheimer is proof that studio films can still challenge and disturb audiences.,positive
40,"Oppenheimer is exactly what you'd expect from Nolan — ambitious, dense, beautiful.",neutral
28,Oppenheimer is well-made but relies heavily on prior knowledge of the era.,neutral
58,The women in Oppenheimer were reduced to trophies. Lazy writing by Nolan.,negative
83,Oppenheimer covers so much ground it can feel unfocused. But never boring.,neutral
31,Oppenheimer tackles big ideas but struggles to make Oppenheimer himself likable.,neutral
46,I fell asleep during Oppenheimer. Twice. That says it all.,negative
23,Oppenheimer is a solid film. Nothing revolutionary but well-crafted and educational.,neutral
11,Watching Oppenheimer with IMAX was a religious experience. Highly recommend.,positive
52,The non-linear structure in Oppenheimer was confusing and unnecessary.,negative
53,Oppenheimer tries to be profound but ends up being preachy and dull.,negative
5,Oppenheimer is hands down the best film of the decade. Go watch it NOW.,positive
22,Oppenheimer is technically impressive but emotionally distant in parts.,neutral
68,Oppenheimer is the kind of film that reminds you why movies matter.,positive
26,"Oppenheimer is an important film, though not necessarily an enjoyable one.",neutral
71,Oppenheimer — 3 hours felt like 90 minutes. That's the mark of a great film.,positive
1,Just watched Oppenheimer and it absolutely blew my mind. Nolan outdid himself!,positive
94,Too many characters in Oppenheimer. Couldn't keep track of who mattered.,negative
54,I don't get the Oppenheimer hype. It was okay at best and exhausting at worst.,negative
32,The practical effects in Oppenheimer are impressive. Story could've been tighter.,neutral
76,"Oppenheimer: thought-provoking, visually stunning, and emotionally resonant.",positive
67,Brilliant performances across the board in Oppenheimer. Josh Hartnett surprised me.,positive
62,Oppenheimer is what cinema was made for. Goosebumps from start to finish.,positive
64,Oppenheimer shattered my expectations. A cinematic gift.,positive
81,Oppenheimer isn't perfect but it's a commendable achievement in scale and scope.,neutral
97,Oppenheimer has great moments buried under two hours of filler.,negative
38,"Oppenheimer feels like homework at times, but important homework.",neutral
25,"Oppenheimer gets a 7/10 from me. Great visuals, story drags in the middle.",neutral
12,Oppenheimer tackles moral complexity like no other film. Thought-provoking masterpiece.,positive
37,"Oppenheimer: technically a masterwork, narratively a bit cold. YMMV.",neutral
100,Sitting through Oppenheimer was an endurance test. Beautiful but brutal.,negative
65,The way Oppenheimer depicts the Trinity test is unlike anything ever put on screen.,positive
59,Oppenheimer is historically revisionist and morally problematic. Skip it.,negative
80,Oppenheimer is one of those rare films that works as both art and entertainment.,positive
39,"Mixed feelings on Oppenheimer. Stunning to look at, hard to emotionally connect with.",neutral
74,Oppenheimer is a triumph of storytelling and spectacle in equal measure.,positive
90,Solid film. Oppenheimer gets a bit too self-congratulatory near the end.,neutral
57,Walked out of Oppenheimer after 90 mins. Too slow and self-important.,negative
99,Oppenheimer is morally confused and doesn't earn its tragic tone.,negative
87,"Oppenheimer felt like two films stitched together — one excellent, one average.",neutral
29,The first half of Oppenheimer is excellent. The second half felt repetitive to me.,neutral
49,Oppenheimer skips over the real victims of Hiroshima. Feels hollow because of it.,negative
33,Oppenheimer is decent cinema. Probably best appreciated in theatres though.,neutral
66,Oppenheimer is a love letter to the power and terror of human ambition.,positive
85,Oppenheimer is worth your time if you have patience for slow-burn storytelling.,neutral
10,Nolan's attention to detail in Oppenheimer is unreal. Everything feels authentic.,positive
45,Oppenheimer is Nolan's most pretentious work yet. Self-indulgent to a fault.,negative
13,Robert Downey Jr. was absolutely magnetic in Oppenheimer. Deserved that Oscar!,positive
95,"Oppenheimer makes its subject seem boring, which is a real achievement in the wrong way.",negative
98,Nolan needs someone to tell him 'no'. Oppenheimer needed a tighter edit badly.,negative
